﻿{"cameraMode":{"drawMode":0,"name":"Shaded","section":"Shading Mode"},"sceneLighting":true,"audioPlay":false,"sceneViewState":{"showFog":true,"showMaterialUpdate":false,"showSkybox":true,"showFlares":true,"showImageEffects":true,"showParticleSystems":true},"in2DMode":false,"pivot":{"x":-7.803399562835693,"y":1.3315569162368775,"z":-0.3180151879787445},"rotation":{"x":-0.19813275337219239,"y":-0.6957074999809265,"z":0.2094927728176117,"w":-0.6579113006591797},"size":24.426395416259767,"orthographic":false}