﻿{"cameraMode":{"drawMode":0,"name":"Shaded","section":"Shading Mode"},"sceneLighting":true,"audioPlay":false,"sceneViewState":{"showFog":true,"showMaterialUpdate":false,"showSkybox":true,"showFlares":true,"showImageEffects":true,"showParticleSystems":true},"in2DMode":false,"pivot":{"x":0.36567234992980959,"y":-2.9641060829162599,"z":4.803081512451172},"rotation":{"x":0.2732643187046051,"y":0.3658183515071869,"z":-0.11328521370887757,"w":0.8824228644371033},"size":34.791160583496097,"orthographic":false}